{"cameraMode":{"drawMode":0,"name":"Shaded","section":"Shading Mode"},"sceneLighting":false,"audioPlay":false,"sceneViewState":{"m_AlwaysRefresh":false,"showFog":false,"showSkybox":false,"showFlares":false,"showImageEffects":false,"showParticleSystems":false,"showVisualEffectGraphs":true,"m_FxEnabled":true},"in2DMode":false,"pivot":{"x":5.960464477539063e-8,"y":0.9169926643371582,"z":0.030014708638191224},"rotation":{"x":0.060892194509506229,"y":0.43777334690093996,"z":-0.029708435758948327,"w":0.8966190814971924},"size":1.167122721672058,"orthographic":true}