{"cameraMode":{"drawMode":0,"name":"Shaded","section":"Shading Mode"},"sceneLighting":false,"audioPlay":false,"sceneViewState":{"m_AlwaysRefresh":false,"showFog":true,"showSkybox":false,"showFlares":true,"showImageEffects":true,"showParticleSystems":true,"showVisualEffectGraphs":true,"m_FxEnabled":true},"in2DMode":false,"pivot":{"x":-78.10647583007813,"y":9.024986267089844,"z":-189.5421142578125},"rotation":{"x":0.09888669848442078,"y":0.13007551431655885,"z":-0.013121887110173703,"w":0.9866737127304077},"size":1.2124319076538087,"orthographic":true}