{"cameraMode":{"drawMode":0,"name":"Shaded","section":"Shading Mode"},"sceneLighting":false,"audioPlay":false,"sceneViewState":{"m_AlwaysRefresh":false,"showFog":true,"showSkybox":false,"showFlares":true,"showImageEffects":true,"showParticleSystems":true,"showVisualEffectGraphs":true,"m_FxEnabled":true},"in2DMode":false,"pivot":{"x":108.11000061035156,"y":8.941279411315918,"z":-183.41677856445313},"rotation":{"x":0.09888669848442078,"y":0.13007551431655885,"z":-0.013121887110173703,"w":0.9866737127304077},"size":1.1760649681091309,"orthographic":true}