{"cameraMode":{"drawMode":0,"name":"Shaded","section":"Shading Mode"},"sceneLighting":false,"audioPlay":false,"sceneViewState":{"m_AlwaysRefresh":false,"showFog":false,"showSkybox":false,"showFlares":false,"showImageEffects":false,"showParticleSystems":false,"showVisualEffectGraphs":true,"m_FxEnabled":true},"in2DMode":false,"pivot":{"x":1.1920928955078126e-7,"y":0.9112799167633057,"z":-0.02141100913286209},"rotation":{"x":0.14413994550704957,"y":0.05994090810418129,"z":-0.008712699636816979,"w":0.9877707958221436},"size":2.084221601486206,"orthographic":true}