{"cameraMode":{"drawMode":0,"name":"Shaded","section":"Shading Mode"},"sceneLighting":true,"audioPlay":false,"sceneViewState":{"showFog":true,"showMaterialUpdate":false,"showSkybox":true,"showFlares":true,"showImageEffects":true,"showParticleSystems":true},"in2DMode":false,"pivot":{"x":-79.22543334960938,"y":9.152864456176758,"z":-11.0316743850708},"rotation":{"x":-0.3588940501213074,"y":-0.24643555283546449,"z":0.09799107909202576,"w":-0.8954496383666992},"size":1.0991246700286866,"orthographic":false}