{"cameraMode":{"drawMode":0,"name":"Shaded","section":"Shading Mode"},"sceneLighting":false,"audioPlay":false,"sceneViewState":{"showFog":true,"showMaterialUpdate":false,"showSkybox":false,"showFlares":true,"showImageEffects":true,"showParticleSystems":true},"in2DMode":false,"pivot":{"x":-0.6100001335144043,"y":4.671406269073486,"z":14.060104370117188},"rotation":{"x":-0.03784741833806038,"y":-0.26358166337013247,"z":0.009493307210505009,"w":-0.9643474817276001},"size":4.038815021514893,"orthographic":false}