{"cameraMode":{"drawMode":0,"name":"Shaded","section":"Shading Mode"},"sceneLighting":false,"audioPlay":false,"sceneViewState":{"m_AlwaysRefresh":false,"showFog":true,"showSkybox":false,"showFlares":true,"showImageEffects":true,"showParticleSystems":true,"showVisualEffectGraphs":true,"m_FxEnabled":true},"in2DMode":false,"pivot":{"x":123.79668426513672,"y":8.984335899353028,"z":-179.05238342285157},"rotation":{"x":0.09888669848442078,"y":0.13007551431655885,"z":-0.013121887110173703,"w":0.9866737127304077},"size":1.1671234369277955,"orthographic":true}